{
"lengthUnit": "mil",
"remark": [],
"components": {
	"fields": ["COMPONENT_NO", "COMPONENT_NAME", "LAYER", "X_COORDINATE", "Y_COORDINATE", "ANGLE"],
	"rows": [
		[1, "C1", "T", 174, 1908, 0],
		[2, "H1", "T", 330, 1154, 270],
		[3, "H2", "T", 1894, 1154, 270],
		[4, "R10", "T", 46, 296, 0],
		[5, "R11", "T", 44, 216, 0],
		[6, "U2", "T", -44, 1118, 270],
		[7, "U4", "T", 606, 1154, 270],
		[8, "U5", "T", 1606.0079, 1154, 270],
		[9, "PAD1", "T", 1606.0079, 2204, 0],
		[10, "PAD1", "T", 1606.0079, 2204, 0],
		[11, "PAD2", "T", 1606.0079, 1904, 0],
		[12, "PAD2", "T", 1606.0079, 1904, 0],
		[13, "PAD3", "T", 1606.0079, 1804, 0],
		[14, "PAD3", "T", 1606.0079, 1804, 0],
		[15, "PAD4", "T", 1606.0079, 1704, 0],
		[16, "PAD4", "T", 1606.0079, 1704, 0],
		[17, "PAD5", "T", 1606.0079, 1604, 0],
		[18, "PAD5", "T", 1606.0079, 1604, 0],
		[19, "PAD6", "T", 1606.0079, 1504, 0],
		[20, "PAD6", "T", 1606.0079, 1504, 0],
		[21, "PAD7", "T", 1606.0079, 1404, 0],
		[22, "PAD7", "T", 1606.0079, 1404, 0],
		[23, "PAD8", "T", 1606.0079, 1304, 0],
		[24, "PAD8", "T", 1606.0079, 1304, 0],
		[25, "PAD9", "T", 1606.0079, 904, 0],
		[26, "PAD9", "T", 1606.0079, 904, 0],
		[27, "PAD10", "T", 1606.0079, 804, 0],
		[28, "PAD10", "T", 1606.0079, 804, 0],
		[29, "PAD11", "T", 1606.0079, 704, 0],
		[30, "PAD11", "T", 1606.0079, 704, 0],
		[31, "PAD12", "T", 1606.0079, 604, 0],
		[32, "PAD12", "T", 1606.0079, 604, 0],
		[33, "PAD13", "T", 1606.0079, 504, 0],
		[34, "PAD13", "T", 1606.0079, 504, 0],
		[35, "PAD14", "T", 1606.0079, 204, 0],
		[36, "PAD14", "T", 1606.0079, 204, 0],
		[37, "PAD15", "T", 1606.0079, 104, 0],
		[38, "PAD15", "T", 1606.0079, 104, 0],
		[39, "PAD16", "T", 606, 2204, 0],
		[40, "PAD16", "T", 606, 2204, 0],
		[41, "PAD17", "T", 606, 2104, 0],
		[42, "PAD17", "T", 606, 2104, 0],
		[43, "PAD18", "T", 606, 1904, 0],
		[44, "PAD18", "T", 606, 1904, 0],
		[45, "PAD19", "T", 606, 1804, 0],
		[46, "PAD19", "T", 606, 1804, 0],
		[47, "PAD20", "T", 606, 1704, 0],
		[48, "PAD20", "T", 606, 1704, 0],
		[49, "PAD21", "T", 606, 1604, 0],
		[50, "PAD21", "T", 606, 1604, 0],
		[51, "PAD22", "T", 606, 1504, 0],
		[52, "PAD22", "T", 606, 1504, 0],
		[53, "PAD23", "T", 606, 1404, 0],
		[54, "PAD23", "T", 606, 1404, 0],
		[55, "PAD24", "T", 606, 1304, 0],
		[56, "PAD24", "T", 606, 1304, 0],
		[57, "PAD25", "T", 606, 1204, 0],
		[58, "PAD25", "T", 606, 1204, 0],
		[59, "PAD26", "T", 606, 1104, 0],
		[60, "PAD26", "T", 606, 1104, 0],
		[61, "PAD27", "T", 606, 1004, 0],
		[62, "PAD27", "T", 606, 1004, 0],
		[63, "PAD28", "T", 606, 904, 0],
		[64, "PAD28", "T", 606, 904, 0],
		[65, "PAD29", "T", 606, 804, 0],
		[66, "PAD29", "T", 606, 804, 0],
		[67, "PAD30", "T", 606, 704, 0],
		[68, "PAD30", "T", 606, 704, 0],
		[69, "PAD31", "T", 606, 604, 0],
		[70, "PAD31", "T", 606, 604, 0],
		[71, "PAD32", "T", 606, 504, 0],
		[72, "PAD32", "T", 606, 504, 0],
		[73, "PAD33", "T", 606, 404, 0],
		[74, "PAD33", "T", 606, 404, 0],
		[75, "PAD34", "T", 606, 304, 0],
		[76, "PAD34", "T", 606, 304, 0],
		[77, "PAD35", "T", 606, 204, 0],
		[78, "PAD35", "T", 606, 204, 0],
		[79, "PAD36", "T", 606, 104, 0],
		[80, "PAD36", "T", 606, 104, 0],
		[81, "PAD37", "T", -44, 1768, 0],
		[82, "PAD37", "T", -44, 1768, 0],
		[83, "PAD38", "T", -44, 1668, 0],
		[84, "PAD38", "T", -44, 1668, 0],
		[85, "PAD39", "T", -44, 1568, 0],
		[86, "PAD39", "T", -44, 1568, 0],
		[87, "PAD40", "T", -44, 1468, 0],
		[88, "PAD40", "T", -44, 1468, 0],
		[89, "PAD41", "T", -44, 1368, 0],
		[90, "PAD41", "T", -44, 1368, 0],
		[91, "PAD42", "T", -44, 1268, 0],
		[92, "PAD42", "T", -44, 1268, 0],
		[93, "PAD43", "T", -44, 1168, 0],
		[94, "PAD43", "T", -44, 1168, 0],
		[95, "PAD44", "T", -44, 1068, 0],
		[96, "PAD44", "T", -44, 1068, 0],
		[97, "PAD45", "T", -44, 968, 0],
		[98, "PAD45", "T", -44, 968, 0],
		[99, "PAD46", "T", -44, 868, 0],
		[100, "PAD46", "T", -44, 868, 0],
		[101, "PAD47", "T", -44, 768, 0],
		[102, "PAD47", "T", -44, 768, 0],
		[103, "PAD48", "T", -44, 668, 0],
		[104, "PAD48", "T", -44, 668, 0],
		[105, "PAD49", "T", -44, 568, 0],
		[106, "PAD49", "T", -44, 568, 0],
		[107, "PAD50", "T", -44, 468, 0],
		[108, "PAD50", "T", -44, 468, 0],
		[109, "PAD51", "T", 75.66, 296, 0],
		[110, "PAD52", "T", 16.34, 296, 0],
		[111, "PAD53", "T", 73.66, 216, 0],
		[112, "PAD54", "T", 14.34, 216, 0],
		[113, "PAD55", "T", 330, 2204, 0],
		[114, "PAD55", "T", 330, 2204, 0],
		[115, "PAD56", "T", 330, 2104, 0],
		[116, "PAD56", "T", 330, 2104, 0],
		[117, "PAD57", "T", 330, 1904, 0],
		[118, "PAD57", "T", 330, 1904, 0],
		[119, "PAD58", "T", 330, 1804, 0],
		[120, "PAD58", "T", 330, 1804, 0],
		[121, "PAD59", "T", 330, 1704, 0],
		[122, "PAD59", "T", 330, 1704, 0],
		[123, "PAD60", "T", 330, 1604, 0],
		[124, "PAD60", "T", 330, 1604, 0],
		[125, "PAD61", "T", 330, 1504, 0],
		[126, "PAD61", "T", 330, 1504, 0],
		[127, "PAD62", "T", 330, 1404, 0],
		[128, "PAD62", "T", 330, 1404, 0],
		[129, "PAD63", "T", 330, 1304, 0],
		[130, "PAD63", "T", 330, 1304, 0],
		[131, "PAD64", "T", 330, 1204, 0],
		[132, "PAD64", "T", 330, 1204, 0],
		[133, "PAD65", "T", 330, 1104, 0],
		[134, "PAD65", "T", 330, 1104, 0],
		[135, "PAD66", "T", 330, 1004, 0],
		[136, "PAD66", "T", 330, 1004, 0],
		[137, "PAD67", "T", 330, 904, 0],
		[138, "PAD67", "T", 330, 904, 0],
		[139, "PAD68", "T", 330, 804, 0],
		[140, "PAD68", "T", 330, 804, 0],
		[141, "PAD69", "T", 330, 704, 0],
		[142, "PAD69", "T", 330, 704, 0],
		[143, "PAD70", "T", 330, 604, 0],
		[144, "PAD70", "T", 330, 604, 0],
		[145, "PAD71", "T", 330, 504, 0],
		[146, "PAD71", "T", 330, 504, 0],
		[147, "PAD72", "T", 330, 404, 0],
		[148, "PAD72", "T", 330, 404, 0],
		[149, "PAD73", "T", 330, 304, 0],
		[150, "PAD73", "T", 330, 304, 0],
		[151, "PAD74", "T", 330, 204, 0],
		[152, "PAD74", "T", 330, 204, 0],
		[153, "PAD75", "T", 330, 104, 0],
		[154, "PAD75", "T", 330, 104, 0],
		[155, "PAD76", "T", 1894, 2204, 0],
		[156, "PAD76", "T", 1894, 2204, 0],
		[157, "PAD77", "T", 1894, 1904, 0],
		[158, "PAD77", "T", 1894, 1904, 0],
		[159, "PAD78", "T", 1894, 1804, 0],
		[160, "PAD78", "T", 1894, 1804, 0],
		[161, "PAD79", "T", 1894, 1704, 0],
		[162, "PAD79", "T", 1894, 1704, 0],
		[163, "PAD80", "T", 1894, 1604, 0],
		[164, "PAD80", "T", 1894, 1604, 0],
		[165, "PAD81", "T", 1894, 1504, 0],
		[166, "PAD81", "T", 1894, 1504, 0],
		[167, "PAD82", "T", 1894, 1404, 0],
		[168, "PAD82", "T", 1894, 1404, 0],
		[169, "PAD83", "T", 1894, 1304, 0],
		[170, "PAD83", "T", 1894, 1304, 0],
		[171, "PAD84", "T", 1894, 904, 0],
		[172, "PAD84", "T", 1894, 904, 0],
		[173, "PAD85", "T", 1894, 804, 0],
		[174, "PAD85", "T", 1894, 804, 0],
		[175, "PAD86", "T", 1894, 704, 0],
		[176, "PAD86", "T", 1894, 704, 0],
		[177, "PAD87", "T", 1894, 604, 0],
		[178, "PAD87", "T", 1894, 604, 0],
		[179, "PAD88", "T", 1894, 504, 0],
		[180, "PAD88", "T", 1894, 504, 0],
		[181, "PAD89", "T", 1894, 204, 0],
		[182, "PAD89", "T", 1894, 204, 0],
		[183, "PAD90", "T", 1894, 104, 0],
		[184, "PAD90", "T", 1894, 104, 0],
		[185, "PAD91", "T", 201.56, 1908, 0],
		[186, "PAD92", "T", 146.44, 1908, 0]
	]
},
"pins": {
	"fields": ["PIN_NO", "PIN_NAME", "PIN_X", "PIN_Y", "LAYER", "PIN_TYPE", "NET_NAME", "NET_TYPE", "PAD_SHAPE", "PAD_SIZEX", "PAD_SIZEY", "HOLE_SIZE", "HOLE_LEN", "PAD_ANGLE"],
	"rows": [
		[1, "C1_1", 146.44, 1908, "T", "SMD", "GND", "GND", "R", 31.496, 35.433, 0, 0, 0],
		[2, "C1_2", 201.56, 1908, "T", "SMD", "VCC", "", "R", 31.496, 35.433, 0, 0, 0],
		[3, "H1_1", 330, 2204, "T", "DIP", "VCC", "", "R", 62.992, 62.992, 41.338, 41.338, 270],
		[4, "H1_1", 330, 2204, "T", "DIP", "VCC", "", "R", 62.992, 62.992, 41.338, 41.338, 270],
		[5, "H1_2", 330, 2104, "T", "DIP", "VCC", "", "C", 62.992, 62.992, 41.338, 41.338, 270],
		[6, "H1_2", 330, 2104, "T", "DIP", "VCC", "", "C", 62.992, 62.992, 41.338, 41.338, 270],
		[7, "H1_3", 330, 2004, "T", "DIP", "NET_1", "", "C", 62.992, 62.992, 41.338, 41.338, 270],
		[8, "H1_3", 330, 2004, "T", "DIP", "NET_1", "", "C", 62.992, 62.992, 41.338, 41.338, 270],
		[9, "H1_4", 330, 1904, "T", "DIP", "CLK", "", "C", 62.992, 62.992, 41.338, 41.338, 270],
		[10, "H1_4", 330, 1904, "T", "DIP", "CLK", "", "C", 62.992, 62.992, 41.338, 41.338, 270],
		[11, "H1_5", 330, 1804, "T", "DIP", "IO5", "", "C", 62.992, 62.992, 41.338, 41.338, 270],
		[12, "H1_5", 330, 1804, "T", "DIP", "IO5", "", "C", 62.992, 62.992, 41.338, 41.338, 270],
		[13, "H1_6", 330, 1704, "T", "DIP", "IO6", "", "C", 62.992, 62.992, 41.338, 41.338, 270],
		[14, "H1_6", 330, 1704, "T", "DIP", "IO6", "", "C", 62.992, 62.992, 41.338, 41.338, 270],
		[15, "H1_7", 330, 1604, "T", "DIP", "IO7", "", "C", 62.992, 62.992, 41.338, 41.338, 270],
		[16, "H1_7", 330, 1604, "T", "DIP", "IO7", "", "C", 62.992, 62.992, 41.338, 41.338, 270],
		[17, "H1_8", 330, 1504, "T", "DIP", "IO15", "", "C", 62.992, 62.992, 41.338, 41.338, 270],
		[18, "H1_8", 330, 1504, "T", "DIP", "IO15", "", "C", 62.992, 62.992, 41.338, 41.338, 270],
		[19, "H1_9", 330, 1404, "T", "DIP", "IO16", "", "C", 62.992, 62.992, 41.338, 41.338, 270],
		[20, "H1_9", 330, 1404, "T", "DIP", "IO16", "", "C", 62.992, 62.992, 41.338, 41.338, 270],
		[21, "H1_10", 330, 1304, "T", "DIP", "IO17", "", "C", 62.992, 62.992, 41.338, 41.338, 270],
		[22, "H1_10", 330, 1304, "T", "DIP", "IO17", "", "C", 62.992, 62.992, 41.338, 41.338, 270],
		[23, "H1_11", 330, 1204, "T", "DIP", "IO18", "", "C", 62.992, 62.992, 41.338, 41.338, 270],
		[24, "H1_11", 330, 1204, "T", "DIP", "IO18", "", "C", 62.992, 62.992, 41.338, 41.338, 270],
		[25, "H1_12", 330, 1104, "T", "DIP", "IO8", "", "C", 62.992, 62.992, 41.338, 41.338, 270],
		[26, "H1_12", 330, 1104, "T", "DIP", "IO8", "", "C", 62.992, 62.992, 41.338, 41.338, 270],
		[27, "H1_13", 330, 1004, "T", "DIP", "IO3", "", "C", 62.992, 62.992, 41.338, 41.338, 270],
		[28, "H1_13", 330, 1004, "T", "DIP", "IO3", "", "C", 62.992, 62.992, 41.338, 41.338, 270],
		[29, "H1_14", 330, 904, "T", "DIP", "IO46", "", "C", 62.992, 62.992, 41.338, 41.338, 270],
		[30, "H1_14", 330, 904, "T", "DIP", "IO46", "", "C", 62.992, 62.992, 41.338, 41.338, 270],
		[31, "H1_15", 330, 804, "T", "DIP", "CS", "", "C", 62.992, 62.992, 41.338, 41.338, 270],
		[32, "H1_15", 330, 804, "T", "DIP", "CS", "", "C", 62.992, 62.992, 41.338, 41.338, 270],
		[33, "H1_16", 330, 704, "T", "DIP", "IO10", "", "C", 62.992, 62.992, 41.338, 41.338, 270],
		[34, "H1_16", 330, 704, "T", "DIP", "IO10", "", "C", 62.992, 62.992, 41.338, 41.338, 270],
		[35, "H1_17", 330, 604, "T", "DIP", "IO11", "", "C", 62.992, 62.992, 41.338, 41.338, 270],
		[36, "H1_17", 330, 604, "T", "DIP", "IO11", "", "C", 62.992, 62.992, 41.338, 41.338, 270],
		[37, "H1_18", 330, 504, "T", "DIP", "IO12", "", "C", 62.992, 62.992, 41.338, 41.338, 270],
		[38, "H1_18", 330, 504, "T", "DIP", "IO12", "", "C", 62.992, 62.992, 41.338, 41.338, 270],
		[39, "H1_19", 330, 404, "T", "DIP", "IO13", "", "C", 62.992, 62.992, 41.338, 41.338, 270],
		[40, "H1_19", 330, 404, "T", "DIP", "IO13", "", "C", 62.992, 62.992, 41.338, 41.338, 270],
		[41, "H1_20", 330, 304, "T", "DIP", "IO14", "", "C", 62.992, 62.992, 41.338, 41.338, 270],
		[42, "H1_20", 330, 304, "T", "DIP", "IO14", "", "C", 62.992, 62.992, 41.338, 41.338, 270],
		[43, "H1_21", 330, 204, "T", "DIP", "5V", "", "C", 62.992, 62.992, 41.338, 41.338, 270],
		[44, "H1_21", 330, 204, "T", "DIP", "5V", "", "C", 62.992, 62.992, 41.338, 41.338, 270],
		[45, "H1_22", 330, 104, "T", "DIP", "GND", "GND", "C", 62.992, 62.992, 41.338, 41.338, 270],
		[46, "H1_22", 330, 104, "T", "DIP", "GND", "GND", "C", 62.992, 62.992, 41.338, 41.338, 270],
		[47, "H2_1", 1894, 2204, "T", "DIP", "GND", "GND", "R", 62.992, 62.992, 41.338, 41.338, 270],
		[48, "H2_1", 1894, 2204, "T", "DIP", "GND", "GND", "R", 62.992, 62.992, 41.338, 41.338, 270],
		[49, "H2_2", 1894, 2104, "T", "DIP", "NET_2", "", "C", 62.992, 62.992, 41.338, 41.338, 270],
		[50, "H2_2", 1894, 2104, "T", "DIP", "NET_2", "", "C", 62.992, 62.992, 41.338, 41.338, 270],
		[51, "H2_3", 1894, 2004, "T", "DIP", "NET_3", "", "C", 62.992, 62.992, 41.338, 41.338, 270],
		[52, "H2_3", 1894, 2004, "T", "DIP", "NET_3", "", "C", 62.992, 62.992, 41.338, 41.338, 270],
		[53, "H2_4", 1894, 1904, "T", "DIP", "IO1", "", "C", 62.992, 62.992, 41.338, 41.338, 270],
		[54, "H2_4", 1894, 1904, "T", "DIP", "IO1", "", "C", 62.992, 62.992, 41.338, 41.338, 270],
		[55, "H2_5", 1894, 1804, "T", "DIP", "IO2", "", "C", 62.992, 62.992, 41.338, 41.338, 270],
		[56, "H2_5", 1894, 1804, "T", "DIP", "IO2", "", "C", 62.992, 62.992, 41.338, 41.338, 270],
		[57, "H2_6", 1894, 1704, "T", "DIP", "IO42", "", "C", 62.992, 62.992, 41.338, 41.338, 270],
		[58, "H2_6", 1894, 1704, "T", "DIP", "IO42", "", "C", 62.992, 62.992, 41.338, 41.338, 270],
		[59, "H2_7", 1894, 1604, "T", "DIP", "IO41", "", "C", 62.992, 62.992, 41.338, 41.338, 270],
		[60, "H2_7", 1894, 1604, "T", "DIP", "IO41", "", "C", 62.992, 62.992, 41.338, 41.338, 270],
		[61, "H2_8", 1894, 1504, "T", "DIP", "IO40", "", "C", 62.992, 62.992, 41.338, 41.338, 270],
		[62, "H2_8", 1894, 1504, "T", "DIP", "IO40", "", "C", 62.992, 62.992, 41.338, 41.338, 270],
		[63, "H2_9", 1894, 1404, "T", "DIP", "IO39", "", "C", 62.992, 62.992, 41.338, 41.338, 270],
		[64, "H2_9", 1894, 1404, "T", "DIP", "IO39", "", "C", 62.992, 62.992, 41.338, 41.338, 270],
		[65, "H2_10", 1894, 1304, "T", "DIP", "IO38", "", "C", 62.992, 62.992, 41.338, 41.338, 270],
		[66, "H2_10", 1894, 1304, "T", "DIP", "IO38", "", "C", 62.992, 62.992, 41.338, 41.338, 270],
		[67, "H2_11", 1894, 1204, "T", "DIP", "NET_4", "", "C", 62.992, 62.992, 41.338, 41.338, 270],
		[68, "H2_11", 1894, 1204, "T", "DIP", "NET_4", "", "C", 62.992, 62.992, 41.338, 41.338, 270],
		[69, "H2_12", 1894, 1104, "T", "DIP", "NET_5", "", "C", 62.992, 62.992, 41.338, 41.338, 270],
		[70, "H2_12", 1894, 1104, "T", "DIP", "NET_5", "", "C", 62.992, 62.992, 41.338, 41.338, 270],
		[71, "H2_13", 1894, 1004, "T", "DIP", "NET_6", "", "C", 62.992, 62.992, 41.338, 41.338, 270],
		[72, "H2_13", 1894, 1004, "T", "DIP", "NET_6", "", "C", 62.992, 62.992, 41.338, 41.338, 270],
		[73, "H2_14", 1894, 904, "T", "DIP", "IO0", "", "C", 62.992, 62.992, 41.338, 41.338, 270],
		[74, "H2_14", 1894, 904, "T", "DIP", "IO0", "", "C", 62.992, 62.992, 41.338, 41.338, 270],
		[75, "H2_15", 1894, 804, "T", "DIP", "IO45", "", "C", 62.992, 62.992, 41.338, 41.338, 270],
		[76, "H2_15", 1894, 804, "T", "DIP", "IO45", "", "C", 62.992, 62.992, 41.338, 41.338, 270],
		[77, "H2_16", 1894, 704, "T", "DIP", "IO48", "", "C", 62.992, 62.992, 41.338, 41.338, 270],
		[78, "H2_16", 1894, 704, "T", "DIP", "IO48", "", "C", 62.992, 62.992, 41.338, 41.338, 270],
		[79, "H2_17", 1894, 604, "T", "DIP", "IO47", "", "C", 62.992, 62.992, 41.338, 41.338, 270],
		[80, "H2_17", 1894, 604, "T", "DIP", "IO47", "", "C", 62.992, 62.992, 41.338, 41.338, 270],
		[81, "H2_18", 1894, 504, "T", "DIP", "IO21", "", "C", 62.992, 62.992, 41.338, 41.338, 270],
		[82, "H2_18", 1894, 504, "T", "DIP", "IO21", "", "C", 62.992, 62.992, 41.338, 41.338, 270],
		[83, "H2_19", 1894, 404, "T", "DIP", "NET_7", "", "C", 62.992, 62.992, 41.338, 41.338, 270],
		[84, "H2_19", 1894, 404, "T", "DIP", "NET_7", "", "C", 62.992, 62.992, 41.338, 41.338, 270],
		[85, "H2_20", 1894, 304, "T", "DIP", "NET_8", "", "C", 62.992, 62.992, 41.338, 41.338, 270],
		[86, "H2_20", 1894, 304, "T", "DIP", "NET_8", "", "C", 62.992, 62.992, 41.338, 41.338, 270],
		[87, "H2_21", 1894, 204, "T", "DIP", "GND", "GND", "C", 62.992, 62.992, 41.338, 41.338, 270],
		[88, "H2_21", 1894, 204, "T", "DIP", "GND", "GND", "C", 62.992, 62.992, 41.338, 41.338, 270],
		[89, "H2_22", 1894, 104, "T", "DIP", "GND", "GND", "C", 62.992, 62.992, 41.338, 41.338, 270],
		[90, "H2_22", 1894, 104, "T", "DIP", "GND", "GND", "C", 62.992, 62.992, 41.338, 41.338, 270],
		[91, "R10_1", 16.34, 296, "T", "SMD", "IO12", "", "R", 31.751, 34.016, 0, 0, 0],
		[92, "R10_2", 75.66, 296, "T", "SMD", "VCC", "", "R", 31.751, 34.016, 0, 0, 0],
		[93, "R11_1", 14.34, 216, "T", "SMD", "IO11", "", "R", 31.751, 34.016, 0, 0, 0],
		[94, "R11_2", 73.66, 216, "T", "SMD", "VCC", "", "R", 31.751, 34.016, 0, 0, 0],
		[95, "U2_1", -44, 1768, "T", "DIP", "GND", "GND", "R", 70.866, 70.866, 47.244, 47.244, 270],
		[96, "U2_1", -44, 1768, "T", "DIP", "GND", "GND", "R", 70.866, 70.866, 47.244, 47.244, 270],
		[97, "U2_2", -44, 1668, "T", "DIP", "VCC", "", "C", 70.866, 70.866, 47.244, 47.244, 270],
		[98, "U2_2", -44, 1668, "T", "DIP", "VCC", "", "C", 70.866, 70.866, 47.244, 47.244, 270],
		[99, "U2_3", -44, 1568, "T", "DIP", "CLK", "", "C", 70.866, 70.866, 47.244, 47.244, 270],
		[100, "U2_3", -44, 1568, "T", "DIP", "CLK", "", "C", 70.866, 70.866, 47.244, 47.244, 270],
		[101, "U2_4", -44, 1468, "T", "DIP", "IO5", "", "C", 70.866, 70.866, 47.244, 47.244, 270],
		[102, "U2_4", -44, 1468, "T", "DIP", "IO5", "", "C", 70.866, 70.866, 47.244, 47.244, 270],
		[103, "U2_5", -44, 1368, "T", "DIP", "IO6", "", "C", 70.866, 70.866, 47.244, 47.244, 270],
		[104, "U2_5", -44, 1368, "T", "DIP", "IO6", "", "C", 70.866, 70.866, 47.244, 47.244, 270],
		[105, "U2_6", -44, 1268, "T", "DIP", "IO7", "", "C", 70.866, 70.866, 47.244, 47.244, 270],
		[106, "U2_6", -44, 1268, "T", "DIP", "IO7", "", "C", 70.866, 70.866, 47.244, 47.244, 270],
		[107, "U2_7", -44, 1168, "T", "DIP", "IO8", "", "C", 70.866, 70.866, 47.244, 47.244, 270],
		[108, "U2_7", -44, 1168, "T", "DIP", "IO8", "", "C", 70.866, 70.866, 47.244, 47.244, 270],
		[109, "U2_8", -44, 1068, "T", "DIP", "CS", "", "C", 70.866, 70.866, 47.244, 47.244, 270],
		[110, "U2_8", -44, 1068, "T", "DIP", "CS", "", "C", 70.866, 70.866, 47.244, 47.244, 270],
		[111, "U2_9", -44, 968, "T", "DIP", "IO10", "", "C", 70.866, 70.866, 47.244, 47.244, 270],
		[112, "U2_9", -44, 968, "T", "DIP", "IO10", "", "C", 70.866, 70.866, 47.244, 47.244, 270],
		[113, "U2_10", -44, 868, "T", "DIP", "IO46", "", "C", 70.866, 70.866, 47.244, 47.244, 270],
		[114, "U2_10", -44, 868, "T", "DIP", "IO46", "", "C", 70.866, 70.866, 47.244, 47.244, 270],
		[115, "U2_11", -44, 768, "T", "DIP", "IO11", "", "C", 70.866, 70.866, 47.244, 47.244, 270],
		[116, "U2_11", -44, 768, "T", "DIP", "IO11", "", "C", 70.866, 70.866, 47.244, 47.244, 270],
		[117, "U2_12", -44, 668, "T", "DIP", "IO12", "", "C", 70.866, 70.866, 47.244, 47.244, 270],
		[118, "U2_12", -44, 668, "T", "DIP", "IO12", "", "C", 70.866, 70.866, 47.244, 47.244, 270],
		[119, "U2_13", -44, 568, "T", "DIP", "IO13", "", "C", 70.866, 70.866, 47.244, 47.244, 270],
		[120, "U2_13", -44, 568, "T", "DIP", "IO13", "", "C", 70.866, 70.866, 47.244, 47.244, 270],
		[121, "U2_14", -44, 468, "T", "DIP", "IO14", "", "C", 70.866, 70.866, 47.244, 47.244, 270],
		[122, "U2_14", -44, 468, "T", "DIP", "IO14", "", "C", 70.866, 70.866, 47.244, 47.244, 270],
		[123, "U4_1", 606, 2204, "T", "DIP", "VCC", "", "R", 62.992, 62.992, 41.338, 41.338, 270],
		[124, "U4_1", 606, 2204, "T", "DIP", "VCC", "", "R", 62.992, 62.992, 41.338, 41.338, 270],
		[125, "U4_2", 606, 2104, "T", "DIP", "VCC", "", "C", 62.992, 62.992, 41.338, 41.338, 270],
		[126, "U4_2", 606, 2104, "T", "DIP", "VCC", "", "C", 62.992, 62.992, 41.338, 41.338, 270],
		[127, "U4_3", 606, 2004, "T", "DIP", "NET_9", "", "C", 62.992, 62.992, 41.338, 41.338, 270],
		[128, "U4_3", 606, 2004, "T", "DIP", "NET_9", "", "C", 62.992, 62.992, 41.338, 41.338, 270],
		[129, "U4_4", 606, 1904, "T", "DIP", "CLK", "", "C", 62.992, 62.992, 41.338, 41.338, 270],
		[130, "U4_4", 606, 1904, "T", "DIP", "CLK", "", "C", 62.992, 62.992, 41.338, 41.338, 270],
		[131, "U4_5", 606, 1804, "T", "DIP", "IO5", "", "C", 62.992, 62.992, 41.338, 41.338, 270],
		[132, "U4_5", 606, 1804, "T", "DIP", "IO5", "", "C", 62.992, 62.992, 41.338, 41.338, 270],
		[133, "U4_6", 606, 1704, "T", "DIP", "IO6", "", "C", 62.992, 62.992, 41.338, 41.338, 270],
		[134, "U4_6", 606, 1704, "T", "DIP", "IO6", "", "C", 62.992, 62.992, 41.338, 41.338, 270],
		[135, "U4_7", 606, 1604, "T", "DIP", "IO7", "", "C", 62.992, 62.992, 41.338, 41.338, 270],
		[136, "U4_7", 606, 1604, "T", "DIP", "IO7", "", "C", 62.992, 62.992, 41.338, 41.338, 270],
		[137, "U4_8", 606, 1504, "T", "DIP", "IO15", "", "C", 62.992, 62.992, 41.338, 41.338, 270],
		[138, "U4_8", 606, 1504, "T", "DIP", "IO15", "", "C", 62.992, 62.992, 41.338, 41.338, 270],
		[139, "U4_9", 606, 1404, "T", "DIP", "IO16", "", "C", 62.992, 62.992, 41.338, 41.338, 270],
		[140, "U4_9", 606, 1404, "T", "DIP", "IO16", "", "C", 62.992, 62.992, 41.338, 41.338, 270],
		[141, "U4_10", 606, 1304, "T", "DIP", "IO17", "", "C", 62.992, 62.992, 41.338, 41.338, 270],
		[142, "U4_10", 606, 1304, "T", "DIP", "IO17", "", "C", 62.992, 62.992, 41.338, 41.338, 270],
		[143, "U4_11", 606, 1204, "T", "DIP", "IO18", "", "C", 62.992, 62.992, 41.338, 41.338, 270],
		[144, "U4_11", 606, 1204, "T", "DIP", "IO18", "", "C", 62.992, 62.992, 41.338, 41.338, 270],
		[145, "U4_12", 606, 1104, "T", "DIP", "IO8", "", "C", 62.992, 62.992, 41.338, 41.338, 270],
		[146, "U4_12", 606, 1104, "T", "DIP", "IO8", "", "C", 62.992, 62.992, 41.338, 41.338, 270],
		[147, "U4_13", 606, 1004, "T", "DIP", "IO3", "", "C", 62.992, 62.992, 41.338, 41.338, 270],
		[148, "U4_13", 606, 1004, "T", "DIP", "IO3", "", "C", 62.992, 62.992, 41.338, 41.338, 270],
		[149, "U4_14", 606, 904, "T", "DIP", "IO46", "", "C", 62.992, 62.992, 41.338, 41.338, 270],
		[150, "U4_14", 606, 904, "T", "DIP", "IO46", "", "C", 62.992, 62.992, 41.338, 41.338, 270],
		[151, "U4_15", 606, 804, "T", "DIP", "CS", "", "C", 62.992, 62.992, 41.338, 41.338, 270],
		[152, "U4_15", 606, 804, "T", "DIP", "CS", "", "C", 62.992, 62.992, 41.338, 41.338, 270],
		[153, "U4_16", 606, 704, "T", "DIP", "IO10", "", "C", 62.992, 62.992, 41.338, 41.338, 270],
		[154, "U4_16", 606, 704, "T", "DIP", "IO10", "", "C", 62.992, 62.992, 41.338, 41.338, 270],
		[155, "U4_17", 606, 604, "T", "DIP", "IO11", "", "C", 62.992, 62.992, 41.338, 41.338, 270],
		[156, "U4_17", 606, 604, "T", "DIP", "IO11", "", "C", 62.992, 62.992, 41.338, 41.338, 270],
		[157, "U4_18", 606, 504, "T", "DIP", "IO12", "", "C", 62.992, 62.992, 41.338, 41.338, 270],
		[158, "U4_18", 606, 504, "T", "DIP", "IO12", "", "C", 62.992, 62.992, 41.338, 41.338, 270],
		[159, "U4_19", 606, 404, "T", "DIP", "IO13", "", "C", 62.992, 62.992, 41.338, 41.338, 270],
		[160, "U4_19", 606, 404, "T", "DIP", "IO13", "", "C", 62.992, 62.992, 41.338, 41.338, 270],
		[161, "U4_20", 606, 304, "T", "DIP", "IO14", "", "C", 62.992, 62.992, 41.338, 41.338, 270],
		[162, "U4_20", 606, 304, "T", "DIP", "IO14", "", "C", 62.992, 62.992, 41.338, 41.338, 270],
		[163, "U4_21", 606, 204, "T", "DIP", "5V", "", "C", 62.992, 62.992, 41.338, 41.338, 270],
		[164, "U4_21", 606, 204, "T", "DIP", "5V", "", "C", 62.992, 62.992, 41.338, 41.338, 270],
		[165, "U4_22", 606, 104, "T", "DIP", "GND", "GND", "C", 62.992, 62.992, 41.338, 41.338, 270],
		[166, "U4_22", 606, 104, "T", "DIP", "GND", "GND", "C", 62.992, 62.992, 41.338, 41.338, 270],
		[167, "U5_1", 1606.0079, 2204, "T", "DIP", "GND", "GND", "R", 62.992, 62.992, 41.338, 41.338, 270],
		[168, "U5_1", 1606.0079, 2204, "T", "DIP", "GND", "GND", "R", 62.992, 62.992, 41.338, 41.338, 270],
		[169, "U5_2", 1606.0079, 2104, "T", "DIP", "NET_10", "", "C", 62.992, 62.992, 41.338, 41.338, 270],
		[170, "U5_2", 1606.0079, 2104, "T", "DIP", "NET_10", "", "C", 62.992, 62.992, 41.338, 41.338, 270],
		[171, "U5_3", 1606.0079, 2004, "T", "DIP", "NET_11", "", "C", 62.992, 62.992, 41.338, 41.338, 270],
		[172, "U5_3", 1606.0079, 2004, "T", "DIP", "NET_11", "", "C", 62.992, 62.992, 41.338, 41.338, 270],
		[173, "U5_4", 1606.0079, 1904, "T", "DIP", "IO1", "", "C", 62.992, 62.992, 41.338, 41.338, 270],
		[174, "U5_4", 1606.0079, 1904, "T", "DIP", "IO1", "", "C", 62.992, 62.992, 41.338, 41.338, 270],
		[175, "U5_5", 1606.0079, 1804, "T", "DIP", "IO2", "", "C", 62.992, 62.992, 41.338, 41.338, 270],
		[176, "U5_5", 1606.0079, 1804, "T", "DIP", "IO2", "", "C", 62.992, 62.992, 41.338, 41.338, 270],
		[177, "U5_6", 1606.0079, 1704, "T", "DIP", "IO42", "", "C", 62.992, 62.992, 41.338, 41.338, 270],
		[178, "U5_6", 1606.0079, 1704, "T", "DIP", "IO42", "", "C", 62.992, 62.992, 41.338, 41.338, 270],
		[179, "U5_7", 1606.0079, 1604, "T", "DIP", "IO41", "", "C", 62.992, 62.992, 41.338, 41.338, 270],
		[180, "U5_7", 1606.0079, 1604, "T", "DIP", "IO41", "", "C", 62.992, 62.992, 41.338, 41.338, 270],
		[181, "U5_8", 1606.0079, 1504, "T", "DIP", "IO40", "", "C", 62.992, 62.992, 41.338, 41.338, 270],
		[182, "U5_8", 1606.0079, 1504, "T", "DIP", "IO40", "", "C", 62.992, 62.992, 41.338, 41.338, 270],
		[183, "U5_9", 1606.0079, 1404, "T", "DIP", "IO39", "", "C", 62.992, 62.992, 41.338, 41.338, 270],
		[184, "U5_9", 1606.0079, 1404, "T", "DIP", "IO39", "", "C", 62.992, 62.992, 41.338, 41.338, 270],
		[185, "U5_10", 1606.0079, 1304, "T", "DIP", "IO38", "", "C", 62.992, 62.992, 41.338, 41.338, 270],
		[186, "U5_10", 1606.0079, 1304, "T", "DIP", "IO38", "", "C", 62.992, 62.992, 41.338, 41.338, 270],
		[187, "U5_11", 1606.0079, 1204, "T", "DIP", "NET_12", "", "C", 62.992, 62.992, 41.338, 41.338, 270],
		[188, "U5_11", 1606.0079, 1204, "T", "DIP", "NET_12", "", "C", 62.992, 62.992, 41.338, 41.338, 270],
		[189, "U5_12", 1606.0079, 1104, "T", "DIP", "NET_13", "", "C", 62.992, 62.992, 41.338, 41.338, 270],
		[190, "U5_12", 1606.0079, 1104, "T", "DIP", "NET_13", "", "C", 62.992, 62.992, 41.338, 41.338, 270],
		[191, "U5_13", 1606.0079, 1004, "T", "DIP", "NET_14", "", "C", 62.992, 62.992, 41.338, 41.338, 270],
		[192, "U5_13", 1606.0079, 1004, "T", "DIP", "NET_14", "", "C", 62.992, 62.992, 41.338, 41.338, 270],
		[193, "U5_14", 1606.0079, 904, "T", "DIP", "IO0", "", "C", 62.992, 62.992, 41.338, 41.338, 270],
		[194, "U5_14", 1606.0079, 904, "T", "DIP", "IO0", "", "C", 62.992, 62.992, 41.338, 41.338, 270],
		[195, "U5_15", 1606.0079, 804, "T", "DIP", "IO45", "", "C", 62.992, 62.992, 41.338, 41.338, 270],
		[196, "U5_15", 1606.0079, 804, "T", "DIP", "IO45", "", "C", 62.992, 62.992, 41.338, 41.338, 270],
		[197, "U5_16", 1606.0079, 704, "T", "DIP", "IO48", "", "C", 62.992, 62.992, 41.338, 41.338, 270],
		[198, "U5_16", 1606.0079, 704, "T", "DIP", "IO48", "", "C", 62.992, 62.992, 41.338, 41.338, 270],
		[199, "U5_17", 1606.0079, 604, "T", "DIP", "IO47", "", "C", 62.992, 62.992, 41.338, 41.338, 270],
		[200, "U5_17", 1606.0079, 604, "T", "DIP", "IO47", "", "C", 62.992, 62.992, 41.338, 41.338, 270],
		[201, "U5_18", 1606.0079, 504, "T", "DIP", "IO21", "", "C", 62.992, 62.992, 41.338, 41.338, 270],
		[202, "U5_18", 1606.0079, 504, "T", "DIP", "IO21", "", "C", 62.992, 62.992, 41.338, 41.338, 270],
		[203, "U5_19", 1606.0079, 404, "T", "DIP", "NET_15", "", "C", 62.992, 62.992, 41.338, 41.338, 270],
		[204, "U5_19", 1606.0079, 404, "T", "DIP", "NET_15", "", "C", 62.992, 62.992, 41.338, 41.338, 270],
		[205, "U5_20", 1606.0079, 304, "T", "DIP", "NET_16", "", "C", 62.992, 62.992, 41.338, 41.338, 270],
		[206, "U5_20", 1606.0079, 304, "T", "DIP", "NET_16", "", "C", 62.992, 62.992, 41.338, 41.338, 270],
		[207, "U5_21", 1606.0079, 204, "T", "DIP", "GND", "GND", "C", 62.992, 62.992, 41.338, 41.338, 270],
		[208, "U5_21", 1606.0079, 204, "T", "DIP", "GND", "GND", "C", 62.992, 62.992, 41.338, 41.338, 270],
		[209, "U5_22", 1606.0079, 104, "T", "DIP", "GND", "GND", "C", 62.992, 62.992, 41.338, 41.338, 270],
		[210, "U5_22", 1606.0079, 104, "T", "DIP", "GND", "GND", "C", 62.992, 62.992, 41.338, 41.338, 270],
		[211, "PAD1_1", 1606.0079, 2204, "T", "DIP", "GND", "GND", "R", 62.992, 62.992, 41.338, 41.338, 270],
		[212, "PAD1_1", 1606.0079, 2204, "T", "DIP", "GND", "GND", "R", 62.992, 62.992, 41.338, 41.338, 270],
		[213, "PAD2_4", 1606.0079, 1904, "T", "DIP", "IO1", "", "C", 62.992, 62.992, 41.338, 41.338, 270],
		[214, "PAD2_4", 1606.0079, 1904, "T", "DIP", "IO1", "", "C", 62.992, 62.992, 41.338, 41.338, 270],
		[215, "PAD3_5", 1606.0079, 1804, "T", "DIP", "IO2", "", "C", 62.992, 62.992, 41.338, 41.338, 270],
		[216, "PAD3_5", 1606.0079, 1804, "T", "DIP", "IO2", "", "C", 62.992, 62.992, 41.338, 41.338, 270],
		[217, "PAD4_6", 1606.0079, 1704, "T", "DIP", "IO42", "", "C", 62.992, 62.992, 41.338, 41.338, 270],
		[218, "PAD4_6", 1606.0079, 1704, "T", "DIP", "IO42", "", "C", 62.992, 62.992, 41.338, 41.338, 270],
		[219, "PAD5_7", 1606.0079, 1604, "T", "DIP", "IO41", "", "C", 62.992, 62.992, 41.338, 41.338, 270],
		[220, "PAD5_7", 1606.0079, 1604, "T", "DIP", "IO41", "", "C", 62.992, 62.992, 41.338, 41.338, 270],
		[221, "PAD6_8", 1606.0079, 1504, "T", "DIP", "IO40", "", "C", 62.992, 62.992, 41.338, 41.338, 270],
		[222, "PAD6_8", 1606.0079, 1504, "T", "DIP", "IO40", "", "C", 62.992, 62.992, 41.338, 41.338, 270],
		[223, "PAD7_9", 1606.0079, 1404, "T", "DIP", "IO39", "", "C", 62.992, 62.992, 41.338, 41.338, 270],
		[224, "PAD7_9", 1606.0079, 1404, "T", "DIP", "IO39", "", "C", 62.992, 62.992, 41.338, 41.338, 270],
		[225, "PAD8_10", 1606.0079, 1304, "T", "DIP", "IO38", "", "C", 62.992, 62.992, 41.338, 41.338, 270],
		[226, "PAD8_10", 1606.0079, 1304, "T", "DIP", "IO38", "", "C", 62.992, 62.992, 41.338, 41.338, 270],
		[227, "PAD9_14", 1606.0079, 904, "T", "DIP", "IO0", "", "C", 62.992, 62.992, 41.338, 41.338, 270],
		[228, "PAD9_14", 1606.0079, 904, "T", "DIP", "IO0", "", "C", 62.992, 62.992, 41.338, 41.338, 270],
		[229, "PAD10_15", 1606.0079, 804, "T", "DIP", "IO45", "", "C", 62.992, 62.992, 41.338, 41.338, 270],
		[230, "PAD10_15", 1606.0079, 804, "T", "DIP", "IO45", "", "C", 62.992, 62.992, 41.338, 41.338, 270],
		[231, "PAD11_16", 1606.0079, 704, "T", "DIP", "IO48", "", "C", 62.992, 62.992, 41.338, 41.338, 270],
		[232, "PAD11_16", 1606.0079, 704, "T", "DIP", "IO48", "", "C", 62.992, 62.992, 41.338, 41.338, 270],
		[233, "PAD12_17", 1606.0079, 604, "T", "DIP", "IO47", "", "C", 62.992, 62.992, 41.338, 41.338, 270],
		[234, "PAD12_17", 1606.0079, 604, "T", "DIP", "IO47", "", "C", 62.992, 62.992, 41.338, 41.338, 270],
		[235, "PAD13_18", 1606.0079, 504, "T", "DIP", "IO21", "", "C", 62.992, 62.992, 41.338, 41.338, 270],
		[236, "PAD13_18", 1606.0079, 504, "T", "DIP", "IO21", "", "C", 62.992, 62.992, 41.338, 41.338, 270],
		[237, "PAD14_21", 1606.0079, 204, "T", "DIP", "GND", "GND", "C", 62.992, 62.992, 41.338, 41.338, 270],
		[238, "PAD14_21", 1606.0079, 204, "T", "DIP", "GND", "GND", "C", 62.992, 62.992, 41.338, 41.338, 270],
		[239, "PAD15_22", 1606.0079, 104, "T", "DIP", "GND", "GND", "C", 62.992, 62.992, 41.338, 41.338, 270],
		[240, "PAD15_22", 1606.0079, 104, "T", "DIP", "GND", "GND", "C", 62.992, 62.992, 41.338, 41.338, 270],
		[241, "PAD16_1", 606, 2204, "T", "DIP", "VCC", "", "R", 62.992, 62.992, 41.338, 41.338, 270],
		[242, "PAD16_1", 606, 2204, "T", "DIP", "VCC", "", "R", 62.992, 62.992, 41.338, 41.338, 270],
		[243, "PAD17_2", 606, 2104, "T", "DIP", "VCC", "", "C", 62.992, 62.992, 41.338, 41.338, 270],
		[244, "PAD17_2", 606, 2104, "T", "DIP", "VCC", "", "C", 62.992, 62.992, 41.338, 41.338, 270],
		[245, "PAD18_4", 606, 1904, "T", "DIP", "CLK", "", "C", 62.992, 62.992, 41.338, 41.338, 270],
		[246, "PAD18_4", 606, 1904, "T", "DIP", "CLK", "", "C", 62.992, 62.992, 41.338, 41.338, 270],
		[247, "PAD19_5", 606, 1804, "T", "DIP", "IO5", "", "C", 62.992, 62.992, 41.338, 41.338, 270],
		[248, "PAD19_5", 606, 1804, "T", "DIP", "IO5", "", "C", 62.992, 62.992, 41.338, 41.338, 270],
		[249, "PAD20_6", 606, 1704, "T", "DIP", "IO6", "", "C", 62.992, 62.992, 41.338, 41.338, 270],
		[250, "PAD20_6", 606, 1704, "T", "DIP", "IO6", "", "C", 62.992, 62.992, 41.338, 41.338, 270],
		[251, "PAD21_7", 606, 1604, "T", "DIP", "IO7", "", "C", 62.992, 62.992, 41.338, 41.338, 270],
		[252, "PAD21_7", 606, 1604, "T", "DIP", "IO7", "", "C", 62.992, 62.992, 41.338, 41.338, 270],
		[253, "PAD22_8", 606, 1504, "T", "DIP", "IO15", "", "C", 62.992, 62.992, 41.338, 41.338, 270],
		[254, "PAD22_8", 606, 1504, "T", "DIP", "IO15", "", "C", 62.992, 62.992, 41.338, 41.338, 270],
		[255, "PAD23_9", 606, 1404, "T", "DIP", "IO16", "", "C", 62.992, 62.992, 41.338, 41.338, 270],
		[256, "PAD23_9", 606, 1404, "T", "DIP", "IO16", "", "C", 62.992, 62.992, 41.338, 41.338, 270],
		[257, "PAD24_10", 606, 1304, "T", "DIP", "IO17", "", "C", 62.992, 62.992, 41.338, 41.338, 270],
		[258, "PAD24_10", 606, 1304, "T", "DIP", "IO17", "", "C", 62.992, 62.992, 41.338, 41.338, 270],
		[259, "PAD25_11", 606, 1204, "T", "DIP", "IO18", "", "C", 62.992, 62.992, 41.338, 41.338, 270],
		[260, "PAD25_11", 606, 1204, "T", "DIP", "IO18", "", "C", 62.992, 62.992, 41.338, 41.338, 270],
		[261, "PAD26_12", 606, 1104, "T", "DIP", "IO8", "", "C", 62.992, 62.992, 41.338, 41.338, 270],
		[262, "PAD26_12", 606, 1104, "T", "DIP", "IO8", "", "C", 62.992, 62.992, 41.338, 41.338, 270],
		[263, "PAD27_13", 606, 1004, "T", "DIP", "IO3", "", "C", 62.992, 62.992, 41.338, 41.338, 270],
		[264, "PAD27_13", 606, 1004, "T", "DIP", "IO3", "", "C", 62.992, 62.992, 41.338, 41.338, 270],
		[265, "PAD28_14", 606, 904, "T", "DIP", "IO46", "", "C", 62.992, 62.992, 41.338, 41.338, 270],
		[266, "PAD28_14", 606, 904, "T", "DIP", "IO46", "", "C", 62.992, 62.992, 41.338, 41.338, 270],
		[267, "PAD29_15", 606, 804, "T", "DIP", "CS", "", "C", 62.992, 62.992, 41.338, 41.338, 270],
		[268, "PAD29_15", 606, 804, "T", "DIP", "CS", "", "C", 62.992, 62.992, 41.338, 41.338, 270],
		[269, "PAD30_16", 606, 704, "T", "DIP", "IO10", "", "C", 62.992, 62.992, 41.338, 41.338, 270],
		[270, "PAD30_16", 606, 704, "T", "DIP", "IO10", "", "C", 62.992, 62.992, 41.338, 41.338, 270],
		[271, "PAD31_17", 606, 604, "T", "DIP", "IO11", "", "C", 62.992, 62.992, 41.338, 41.338, 270],
		[272, "PAD31_17", 606, 604, "T", "DIP", "IO11", "", "C", 62.992, 62.992, 41.338, 41.338, 270],
		[273, "PAD32_18", 606, 504, "T", "DIP", "IO12", "", "C", 62.992, 62.992, 41.338, 41.338, 270],
		[274, "PAD32_18", 606, 504, "T", "DIP", "IO12", "", "C", 62.992, 62.992, 41.338, 41.338, 270],
		[275, "PAD33_19", 606, 404, "T", "DIP", "IO13", "", "C", 62.992, 62.992, 41.338, 41.338, 270],
		[276, "PAD33_19", 606, 404, "T", "DIP", "IO13", "", "C", 62.992, 62.992, 41.338, 41.338, 270],
		[277, "PAD34_20", 606, 304, "T", "DIP", "IO14", "", "C", 62.992, 62.992, 41.338, 41.338, 270],
		[278, "PAD34_20", 606, 304, "T", "DIP", "IO14", "", "C", 62.992, 62.992, 41.338, 41.338, 270],
		[279, "PAD35_21", 606, 204, "T", "DIP", "5V", "", "C", 62.992, 62.992, 41.338, 41.338, 270],
		[280, "PAD35_21", 606, 204, "T", "DIP", "5V", "", "C", 62.992, 62.992, 41.338, 41.338, 270],
		[281, "PAD36_22", 606, 104, "T", "DIP", "GND", "GND", "C", 62.992, 62.992, 41.338, 41.338, 270],
		[282, "PAD36_22", 606, 104, "T", "DIP", "GND", "GND", "C", 62.992, 62.992, 41.338, 41.338, 270],
		[283, "PAD37_1", -44, 1768, "T", "DIP", "GND", "GND", "R", 70.866, 70.866, 47.244, 47.244, 270],
		[284, "PAD37_1", -44, 1768, "T", "DIP", "GND", "GND", "R", 70.866, 70.866, 47.244, 47.244, 270],
		[285, "PAD38_2", -44, 1668, "T", "DIP", "VCC", "", "C", 70.866, 70.866, 47.244, 47.244, 270],
		[286, "PAD38_2", -44, 1668, "T", "DIP", "VCC", "", "C", 70.866, 70.866, 47.244, 47.244, 270],
		[287, "PAD39_3", -44, 1568, "T", "DIP", "CLK", "", "C", 70.866, 70.866, 47.244, 47.244, 270],
		[288, "PAD39_3", -44, 1568, "T", "DIP", "CLK", "", "C", 70.866, 70.866, 47.244, 47.244, 270],
		[289, "PAD40_4", -44, 1468, "T", "DIP", "IO5", "", "C", 70.866, 70.866, 47.244, 47.244, 270],
		[290, "PAD40_4", -44, 1468, "T", "DIP", "IO5", "", "C", 70.866, 70.866, 47.244, 47.244, 270],
		[291, "PAD41_5", -44, 1368, "T", "DIP", "IO6", "", "C", 70.866, 70.866, 47.244, 47.244, 270],
		[292, "PAD41_5", -44, 1368, "T", "DIP", "IO6", "", "C", 70.866, 70.866, 47.244, 47.244, 270],
		[293, "PAD42_6", -44, 1268, "T", "DIP", "IO7", "", "C", 70.866, 70.866, 47.244, 47.244, 270],
		[294, "PAD42_6", -44, 1268, "T", "DIP", "IO7", "", "C", 70.866, 70.866, 47.244, 47.244, 270],
		[295, "PAD43_7", -44, 1168, "T", "DIP", "IO8", "", "C", 70.866, 70.866, 47.244, 47.244, 270],
		[296, "PAD43_7", -44, 1168, "T", "DIP", "IO8", "", "C", 70.866, 70.866, 47.244, 47.244, 270],
		[297, "PAD44_8", -44, 1068, "T", "DIP", "CS", "", "C", 70.866, 70.866, 47.244, 47.244, 270],
		[298, "PAD44_8", -44, 1068, "T", "DIP", "CS", "", "C", 70.866, 70.866, 47.244, 47.244, 270],
		[299, "PAD45_9", -44, 968, "T", "DIP", "IO10", "", "C", 70.866, 70.866, 47.244, 47.244, 270],
		[300, "PAD45_9", -44, 968, "T", "DIP", "IO10", "", "C", 70.866, 70.866, 47.244, 47.244, 270],
		[301, "PAD46_10", -44, 868, "T", "DIP", "IO46", "", "C", 70.866, 70.866, 47.244, 47.244, 270],
		[302, "PAD46_10", -44, 868, "T", "DIP", "IO46", "", "C", 70.866, 70.866, 47.244, 47.244, 270],
		[303, "PAD47_11", -44, 768, "T", "DIP", "IO11", "", "C", 70.866, 70.866, 47.244, 47.244, 270],
		[304, "PAD47_11", -44, 768, "T", "DIP", "IO11", "", "C", 70.866, 70.866, 47.244, 47.244, 270],
		[305, "PAD48_12", -44, 668, "T", "DIP", "IO12", "", "C", 70.866, 70.866, 47.244, 47.244, 270],
		[306, "PAD48_12", -44, 668, "T", "DIP", "IO12", "", "C", 70.866, 70.866, 47.244, 47.244, 270],
		[307, "PAD49_13", -44, 568, "T", "DIP", "IO13", "", "C", 70.866, 70.866, 47.244, 47.244, 270],
		[308, "PAD49_13", -44, 568, "T", "DIP", "IO13", "", "C", 70.866, 70.866, 47.244, 47.244, 270],
		[309, "PAD50_14", -44, 468, "T", "DIP", "IO14", "", "C", 70.866, 70.866, 47.244, 47.244, 270],
		[310, "PAD50_14", -44, 468, "T", "DIP", "IO14", "", "C", 70.866, 70.866, 47.244, 47.244, 270],
		[311, "PAD51_2", 75.66, 296, "T", "SMD", "VCC", "", "R", 31.751, 34.016, 0, 0, 0],
		[312, "PAD52_1", 16.34, 296, "T", "SMD", "IO12", "", "R", 31.751, 34.016, 0, 0, 0],
		[313, "PAD53_2", 73.66, 216, "T", "SMD", "VCC", "", "R", 31.751, 34.016, 0, 0, 0],
		[314, "PAD54_1", 14.34, 216, "T", "SMD", "IO11", "", "R", 31.751, 34.016, 0, 0, 0],
		[315, "PAD55_1", 330, 2204, "T", "DIP", "VCC", "", "R", 62.992, 62.992, 41.338, 41.338, 270],
		[316, "PAD55_1", 330, 2204, "T", "DIP", "VCC", "", "R", 62.992, 62.992, 41.338, 41.338, 270],
		[317, "PAD56_2", 330, 2104, "T", "DIP", "VCC", "", "C", 62.992, 62.992, 41.338, 41.338, 270],
		[318, "PAD56_2", 330, 2104, "T", "DIP", "VCC", "", "C", 62.992, 62.992, 41.338, 41.338, 270],
		[319, "PAD57_4", 330, 1904, "T", "DIP", "CLK", "", "C", 62.992, 62.992, 41.338, 41.338, 270],
		[320, "PAD57_4", 330, 1904, "T", "DIP", "CLK", "", "C", 62.992, 62.992, 41.338, 41.338, 270],
		[321, "PAD58_5", 330, 1804, "T", "DIP", "IO5", "", "C", 62.992, 62.992, 41.338, 41.338, 270],
		[322, "PAD58_5", 330, 1804, "T", "DIP", "IO5", "", "C", 62.992, 62.992, 41.338, 41.338, 270],
		[323, "PAD59_6", 330, 1704, "T", "DIP", "IO6", "", "C", 62.992, 62.992, 41.338, 41.338, 270],
		[324, "PAD59_6", 330, 1704, "T", "DIP", "IO6", "", "C", 62.992, 62.992, 41.338, 41.338, 270],
		[325, "PAD60_7", 330, 1604, "T", "DIP", "IO7", "", "C", 62.992, 62.992, 41.338, 41.338, 270],
		[326, "PAD60_7", 330, 1604, "T", "DIP", "IO7", "", "C", 62.992, 62.992, 41.338, 41.338, 270],
		[327, "PAD61_8", 330, 1504, "T", "DIP", "IO15", "", "C", 62.992, 62.992, 41.338, 41.338, 270],
		[328, "PAD61_8", 330, 1504, "T", "DIP", "IO15", "", "C", 62.992, 62.992, 41.338, 41.338, 270],
		[329, "PAD62_9", 330, 1404, "T", "DIP", "IO16", "", "C", 62.992, 62.992, 41.338, 41.338, 270],
		[330, "PAD62_9", 330, 1404, "T", "DIP", "IO16", "", "C", 62.992, 62.992, 41.338, 41.338, 270],
		[331, "PAD63_10", 330, 1304, "T", "DIP", "IO17", "", "C", 62.992, 62.992, 41.338, 41.338, 270],
		[332, "PAD63_10", 330, 1304, "T", "DIP", "IO17", "", "C", 62.992, 62.992, 41.338, 41.338, 270],
		[333, "PAD64_11", 330, 1204, "T", "DIP", "IO18", "", "C", 62.992, 62.992, 41.338, 41.338, 270],
		[334, "PAD64_11", 330, 1204, "T", "DIP", "IO18", "", "C", 62.992, 62.992, 41.338, 41.338, 270],
		[335, "PAD65_12", 330, 1104, "T", "DIP", "IO8", "", "C", 62.992, 62.992, 41.338, 41.338, 270],
		[336, "PAD65_12", 330, 1104, "T", "DIP", "IO8", "", "C", 62.992, 62.992, 41.338, 41.338, 270],
		[337, "PAD66_13", 330, 1004, "T", "DIP", "IO3", "", "C", 62.992, 62.992, 41.338, 41.338, 270],
		[338, "PAD66_13", 330, 1004, "T", "DIP", "IO3", "", "C", 62.992, 62.992, 41.338, 41.338, 270],
		[339, "PAD67_14", 330, 904, "T", "DIP", "IO46", "", "C", 62.992, 62.992, 41.338, 41.338, 270],
		[340, "PAD67_14", 330, 904, "T", "DIP", "IO46", "", "C", 62.992, 62.992, 41.338, 41.338, 270],
		[341, "PAD68_15", 330, 804, "T", "DIP", "CS", "", "C", 62.992, 62.992, 41.338, 41.338, 270],
		[342, "PAD68_15", 330, 804, "T", "DIP", "CS", "", "C", 62.992, 62.992, 41.338, 41.338, 270],
		[343, "PAD69_16", 330, 704, "T", "DIP", "IO10", "", "C", 62.992, 62.992, 41.338, 41.338, 270],
		[344, "PAD69_16", 330, 704, "T", "DIP", "IO10", "", "C", 62.992, 62.992, 41.338, 41.338, 270],
		[345, "PAD70_17", 330, 604, "T", "DIP", "IO11", "", "C", 62.992, 62.992, 41.338, 41.338, 270],
		[346, "PAD70_17", 330, 604, "T", "DIP", "IO11", "", "C", 62.992, 62.992, 41.338, 41.338, 270],
		[347, "PAD71_18", 330, 504, "T", "DIP", "IO12", "", "C", 62.992, 62.992, 41.338, 41.338, 270],
		[348, "PAD71_18", 330, 504, "T", "DIP", "IO12", "", "C", 62.992, 62.992, 41.338, 41.338, 270],
		[349, "PAD72_19", 330, 404, "T", "DIP", "IO13", "", "C", 62.992, 62.992, 41.338, 41.338, 270],
		[350, "PAD72_19", 330, 404, "T", "DIP", "IO13", "", "C", 62.992, 62.992, 41.338, 41.338, 270],
		[351, "PAD73_20", 330, 304, "T", "DIP", "IO14", "", "C", 62.992, 62.992, 41.338, 41.338, 270],
		[352, "PAD73_20", 330, 304, "T", "DIP", "IO14", "", "C", 62.992, 62.992, 41.338, 41.338, 270],
		[353, "PAD74_21", 330, 204, "T", "DIP", "5V", "", "C", 62.992, 62.992, 41.338, 41.338, 270],
		[354, "PAD74_21", 330, 204, "T", "DIP", "5V", "", "C", 62.992, 62.992, 41.338, 41.338, 270],
		[355, "PAD75_22", 330, 104, "T", "DIP", "GND", "GND", "C", 62.992, 62.992, 41.338, 41.338, 270],
		[356, "PAD75_22", 330, 104, "T", "DIP", "GND", "GND", "C", 62.992, 62.992, 41.338, 41.338, 270],
		[357, "PAD76_1", 1894, 2204, "T", "DIP", "GND", "GND", "R", 62.992, 62.992, 41.338, 41.338, 270],
		[358, "PAD76_1", 1894, 2204, "T", "DIP", "GND", "GND", "R", 62.992, 62.992, 41.338, 41.338, 270],
		[359, "PAD77_4", 1894, 1904, "T", "DIP", "IO1", "", "C", 62.992, 62.992, 41.338, 41.338, 270],
		[360, "PAD77_4", 1894, 1904, "T", "DIP", "IO1", "", "C", 62.992, 62.992, 41.338, 41.338, 270],
		[361, "PAD78_5", 1894, 1804, "T", "DIP", "IO2", "", "C", 62.992, 62.992, 41.338, 41.338, 270],
		[362, "PAD78_5", 1894, 1804, "T", "DIP", "IO2", "", "C", 62.992, 62.992, 41.338, 41.338, 270],
		[363, "PAD79_6", 1894, 1704, "T", "DIP", "IO42", "", "C", 62.992, 62.992, 41.338, 41.338, 270],
		[364, "PAD79_6", 1894, 1704, "T", "DIP", "IO42", "", "C", 62.992, 62.992, 41.338, 41.338, 270],
		[365, "PAD80_7", 1894, 1604, "T", "DIP", "IO41", "", "C", 62.992, 62.992, 41.338, 41.338, 270],
		[366, "PAD80_7", 1894, 1604, "T", "DIP", "IO41", "", "C", 62.992, 62.992, 41.338, 41.338, 270],
		[367, "PAD81_8", 1894, 1504, "T", "DIP", "IO40", "", "C", 62.992, 62.992, 41.338, 41.338, 270],
		[368, "PAD81_8", 1894, 1504, "T", "DIP", "IO40", "", "C", 62.992, 62.992, 41.338, 41.338, 270],
		[369, "PAD82_9", 1894, 1404, "T", "DIP", "IO39", "", "C", 62.992, 62.992, 41.338, 41.338, 270],
		[370, "PAD82_9", 1894, 1404, "T", "DIP", "IO39", "", "C", 62.992, 62.992, 41.338, 41.338, 270],
		[371, "PAD83_10", 1894, 1304, "T", "DIP", "IO38", "", "C", 62.992, 62.992, 41.338, 41.338, 270],
		[372, "PAD83_10", 1894, 1304, "T", "DIP", "IO38", "", "C", 62.992, 62.992, 41.338, 41.338, 270],
		[373, "PAD84_14", 1894, 904, "T", "DIP", "IO0", "", "C", 62.992, 62.992, 41.338, 41.338, 270],
		[374, "PAD84_14", 1894, 904, "T", "DIP", "IO0", "", "C", 62.992, 62.992, 41.338, 41.338, 270],
		[375, "PAD85_15", 1894, 804, "T", "DIP", "IO45", "", "C", 62.992, 62.992, 41.338, 41.338, 270],
		[376, "PAD85_15", 1894, 804, "T", "DIP", "IO45", "", "C", 62.992, 62.992, 41.338, 41.338, 270],
		[377, "PAD86_16", 1894, 704, "T", "DIP", "IO48", "", "C", 62.992, 62.992, 41.338, 41.338, 270],
		[378, "PAD86_16", 1894, 704, "T", "DIP", "IO48", "", "C", 62.992, 62.992, 41.338, 41.338, 270],
		[379, "PAD87_17", 1894, 604, "T", "DIP", "IO47", "", "C", 62.992, 62.992, 41.338, 41.338, 270],
		[380, "PAD87_17", 1894, 604, "T", "DIP", "IO47", "", "C", 62.992, 62.992, 41.338, 41.338, 270],
		[381, "PAD88_18", 1894, 504, "T", "DIP", "IO21", "", "C", 62.992, 62.992, 41.338, 41.338, 270],
		[382, "PAD88_18", 1894, 504, "T", "DIP", "IO21", "", "C", 62.992, 62.992, 41.338, 41.338, 270],
		[383, "PAD89_21", 1894, 204, "T", "DIP", "GND", "GND", "C", 62.992, 62.992, 41.338, 41.338, 270],
		[384, "PAD89_21", 1894, 204, "T", "DIP", "GND", "GND", "C", 62.992, 62.992, 41.338, 41.338, 270],
		[385, "PAD90_22", 1894, 104, "T", "DIP", "GND", "GND", "C", 62.992, 62.992, 41.338, 41.338, 270],
		[386, "PAD90_22", 1894, 104, "T", "DIP", "GND", "GND", "C", 62.992, 62.992, 41.338, 41.338, 270],
		[387, "PAD91_2", 201.56, 1908, "T", "SMD", "VCC", "", "R", 31.496, 35.433, 0, 0, 0],
		[388, "PAD92_1", 146.44, 1908, "T", "SMD", "GND", "GND", "R", 31.496, 35.433, 0, 0, 0]
	]
}
}